City_ID,City,Country,Lat,Lng,Max Temp,Humidity,Cloudiness,Wind Speed,Current Description
0,Busselton,AU,-33.65,115.3333,62.94,66,28,10.92,scattered clouds
1,Hermanus,ZA,-34.4187,19.2345,56.89,85,96,7.05,overcast clouds
2,Mar Del Plata,AR,-38.0023,-57.5575,48.99,71,75,11.99,broken clouds
3,Ushuaia,AR,-54.8,-68.3,35.26,100,0,13.8,clear sky
4,Punta Arenas,CL,-53.15,-70.9167,35.71,93,75,5.75,broken clouds
5,Grand Gaube,MU,-20.0064,57.6608,77.38,69,0,5.99,clear sky
6,Coihaique,CL,-45.5752,-72.0662,22.95,93,0,2.3,clear sky
7,Nelson Bay,AU,-32.7167,152.15,67.95,76,1,1.01,clear sky
8,Port-Gentil,GA,-0.7193,8.7815,80.56,83,75,10.36,broken clouds
9,Burnie,AU,-41.0667,145.9167,54.91,87,100,11.48,moderate rain
10,Vaini,TO,-21.2,-175.2,75.36,88,75,6.91,broken clouds
11,Mataura,NZ,-46.1927,168.8643,48.47,98,100,2.8,overcast clouds
12,Mets Masrik,AM,40.2183,45.7681,70.05,48,0,11.83,clear sky
13,Lorengau,PG,-2.0226,147.2712,83.64,73,68,8.55,broken clouds
14,Lavrentiya,RU,65.5833,-171.0,39.2,85,56,6.62,broken clouds
15,Moose Factory,CA,51.2585,-80.6094,41.0,93,1,5.75,clear sky
16,New Norfolk,AU,-42.7826,147.0587,54.91,85,100,2.73,light rain
17,Faya,SA,18.3851,42.4509,77.52,16,65,4.61,broken clouds
18,Zmeinogorsk,RU,51.1567,82.195,73.18,44,3,10.78,clear sky
19,Albany,US,42.6001,-73.9662,59.09,86,57,6.76,broken clouds
20,Petropavlovsk-Kamchatskiy,RU,53.0452,158.6483,55.99,72,40,13.42,scattered clouds
21,Saskylakh,RU,71.9167,114.0833,75.45,31,9,10.29,clear sky
22,Narsaq,GL,60.9167,-46.05,43.02,87,92,1.95,overcast clouds
23,Kapaa,US,22.0752,-159.319,80.58,82,75,12.66,light rain
24,Kaitangata,NZ,-46.2817,169.8464,48.24,95,99,3.4,overcast clouds
25,Dayong,CN,25.0209,118.2898,96.48,58,100,5.61,light rain
26,Bluff,NZ,-46.6,168.3333,48.79,87,100,17.07,light rain
27,Bulgan,MN,48.8125,103.5347,60.94,29,65,13.78,broken clouds
28,Tiksi,RU,71.6872,128.8694,42.84,54,100,4.34,overcast clouds
29,Cape Town,ZA,-33.9258,18.4232,57.61,91,75,9.22,broken clouds
30,Port Hawkesbury,CA,45.6169,-61.3485,56.7,96,90,8.01,mist
31,Alice Springs,AU,-23.7,133.8833,63.95,29,41,8.05,scattered clouds
32,Cherskiy,RU,68.75,161.3,46.58,83,99,12.75,light rain
33,Dikson,RU,73.5069,80.5464,32.74,87,69,2.3,broken clouds
34,Te Anau,NZ,-45.4167,167.7167,47.71,95,99,1.95,light rain
35,Muros,ES,42.7762,-9.0603,68.85,85,86,4.74,overcast clouds
36,Cabedelo,BR,-6.9811,-34.8339,72.27,92,80,10.18,broken clouds
37,Tilichiki,RU,60.4667,166.1,56.88,54,50,8.32,scattered clouds
38,Hilo,US,19.7297,-155.09,74.93,77,1,4.61,clear sky
39,Aksu,CN,41.1231,80.2644,79.03,23,97,7.43,overcast clouds
40,Fitii,PF,-16.7333,-151.0333,79.95,78,58,23.76,light rain
41,Rikitea,PF,-23.1203,-134.9692,74.75,76,53,21.34,light rain
42,Casper,US,42.8666,-106.3131,77.5,22,1,4.61,clear sky
43,Turinsk,RU,58.0458,63.696,78.46,48,73,5.97,broken clouds
44,San Patricio,US,28.017,-97.5169,85.84,82,1,4.47,clear sky
45,Saint-Georges,GD,12.0564,-61.7485,80.28,83,20,20.71,few clouds
46,Bredasdorp,ZA,-34.5322,20.0403,51.12,87,88,2.3,overcast clouds
47,Ushumun,RU,52.7833,126.5333,60.51,88,100,5.53,overcast clouds
48,Yuzhou,CN,34.1628,113.4639,73.67,54,87,4.38,overcast clouds
49,Norman Wells,CA,65.282,-126.8329,60.84,48,1,11.5,clear sky
50,Cascais,PT,38.6979,-9.4215,66.61,83,92,1.99,overcast clouds
51,Atuona,PF,-9.8,-139.0333,79.93,74,16,20.49,few clouds
52,Nalgonda,IN,17.05,79.2667,88.59,52,100,15.37,overcast clouds
53,Los Algarrobos,PA,8.5,-82.4333,78.8,86,96,1.36,overcast clouds
54,Butaritari,KI,3.0707,172.7902,82.74,79,100,15.39,light rain
55,Barrow,US,71.2906,-156.7887,39.22,81,40,17.27,scattered clouds
56,Abaetetuba,BR,-1.7181,-48.8825,77.04,96,30,3.78,scattered clouds
57,Port Alfred,ZA,-33.5906,26.891,65.35,57,99,6.15,overcast clouds
58,Asau,RO,46.4333,26.4,64.96,82,54,11.95,broken clouds
59,Krasnoselkup,RU,65.7,82.4667,76.24,55,78,13.78,broken clouds
60,Oktyabrskiy,RU,54.4815,53.471,78.82,50,79,10.63,broken clouds
61,Tuktoyaktuk,CA,69.4541,-133.0374,62.6,48,75,11.5,broken clouds
62,Puerto Ayora,EC,-0.7393,-90.3518,72.55,90,17,1.99,few clouds
63,Axim,GH,4.8699,-2.2405,77.65,84,89,6.08,light rain
64,Mahebourg,MU,-20.4081,57.7,77.25,83,40,8.05,scattered clouds
65,Hare Bay,CA,48.8499,-54.0148,45.75,95,100,8.43,overcast clouds
66,Fort-Shevchenko,KZ,44.5086,50.263,82.72,48,0,8.32,clear sky
67,Port Lincoln,AU,-34.7333,135.8667,59.72,67,15,14.09,few clouds
68,Geraldton,AU,-28.7667,114.6,68.13,59,8,11.5,clear sky
69,Bako,ET,5.7833,36.5667,66.42,81,100,2.64,overcast clouds
70,Kropotkin,RU,45.4375,40.5756,72.37,82,17,8.3,few clouds
71,Dingle,PH,10.9995,122.6711,89.82,61,81,7.49,light rain
72,Mount Darwin,ZW,-16.7725,31.5838,58.03,68,6,2.04,clear sky
73,Thoen,TH,17.6129,99.2161,77.14,94,99,4.32,overcast clouds
74,Port Macquarie,AU,-31.4333,152.9167,67.96,64,0,8.28,clear sky
75,Sao Filipe,CV,14.8961,-24.4956,73.65,84,89,5.95,overcast clouds
76,Senanga,ZM,-16.1167,23.2667,53.71,48,51,4.41,broken clouds
77,Belmonte,BR,-15.8631,-38.8828,66.7,82,36,3.58,scattered clouds
78,Bathsheba,BB,13.2167,-59.5167,81.21,69,20,19.57,few clouds
79,Tecoanapa,MX,16.5167,-98.75,77.72,89,100,4.09,overcast clouds
80,Mahibadhoo,MV,3.7833,72.9667,84.02,70,78,13.85,broken clouds
81,Grindavik,IS,63.8424,-22.4338,37.87,70,0,25.32,clear sky
82,Konya,TR,38.1667,32.5,58.48,55,79,1.66,broken clouds
83,Kavieng,PG,-2.5744,150.7967,84.06,72,66,10.96,light rain
84,Saint George,US,37.1041,-113.5841,95.59,14,1,3.0,clear sky
85,Sitka,US,57.0531,-135.33,53.49,76,90,9.22,overcast clouds
86,Deputatskiy,RU,69.3,139.9,46.31,34,99,24.2,overcast clouds
87,Torbay,CA,47.6666,-52.7314,43.29,97,90,13.8,fog
88,Dukat,RU,62.55,155.55,62.1,47,76,6.58,broken clouds
89,Henties Bay,NA,-22.116,14.2845,53.85,78,58,5.97,broken clouds
90,Lagoa,PT,39.05,-27.9833,66.96,88,100,9.73,overcast clouds
91,Pajapan,MX,18.25,-94.7,72.39,98,100,2.91,overcast clouds
92,Sakakah,SA,29.9697,40.2064,81.97,18,0,7.0,clear sky
93,Port Blair,IN,11.6667,92.75,85.3,76,100,16.69,overcast clouds
94,Jumla,NP,29.2747,82.1838,67.01,76,95,3.69,overcast clouds
95,Lixourion,GR,38.2019,20.4314,60.66,72,4,7.14,clear sky
96,Grand-Lahou,CI,5.1367,-5.0242,76.48,90,60,7.72,light rain
97,Kruisfontein,ZA,-34.0033,24.7314,52.88,81,31,5.08,scattered clouds
98,Hobyo,SO,5.3505,48.5268,81.32,71,99,24.72,overcast clouds
99,Nemuro,JP,43.3236,145.575,61.23,88,99,7.58,overcast clouds
100,Vardo,NO,70.3705,31.1107,46.38,61,40,20.71,scattered clouds
101,Nikolskoye,RU,59.7035,30.7861,62.49,43,1,8.63,clear sky
102,Jamestown,US,42.097,-79.2353,58.37,58,1,3.44,clear sky
103,Yellowknife,CA,62.456,-114.3525,64.92,52,75,21.85,broken clouds
104,Kainan,JP,34.15,135.2,73.4,96,100,2.37,light rain
105,Broome,US,42.2506,-75.833,55.98,96,3,2.82,clear sky
106,Provideniya,RU,64.3833,-173.3,37.51,81,40,8.95,fog
107,Carnarvon,AU,-24.8667,113.6333,71.67,34,3,17.27,clear sky
108,Yuli,NG,9.6989,10.2744,74.32,90,100,5.73,moderate rain
109,Ponta Do Sol,PT,32.6667,-17.1,70.43,79,19,7.63,few clouds
110,Yulara,AU,-25.2406,130.9889,64.24,27,64,8.05,broken clouds
111,Pacific Grove,US,36.6177,-121.9166,66.6,79,1,1.99,clear sky
112,Juegang,CN,32.3174,121.1855,75.4,87,100,8.59,overcast clouds
113,Lompoc,US,34.6391,-120.4579,72.37,82,1,10.36,clear sky
114,Apatou,GF,5.155,-54.3472,72.01,99,100,2.24,overcast clouds
115,Marzuq,YE,14.4,46.4667,90.48,18,49,1.97,scattered clouds
116,Lima,PE,-12.0432,-77.0282,62.85,84,0,11.5,clear sky
117,Cockburn Town,TC,21.4612,-71.1419,80.19,85,18,21.59,few clouds
118,Twentynine Palms,US,34.1356,-116.0542,97.97,7,90,5.99,overcast clouds
119,Arraial Do Cabo,BR,-22.9661,-42.0278,66.09,80,0,5.37,clear sky
120,East London,ZA,-33.0153,27.9116,67.14,48,0,3.44,clear sky
121,Bumba,CD,2.1833,22.4667,72.34,95,90,2.53,overcast clouds
122,Bethel,US,41.3712,-73.414,64.04,78,1,9.22,clear sky
123,Aykhal,RU,66.0,111.5,64.49,47,64,5.1,broken clouds
124,Kavaratti,IN,10.5669,72.642,83.3,79,100,24.32,overcast clouds
125,Cairns,AU,-16.9167,145.7667,88.07,73,36,6.91,scattered clouds
126,Hobart,AU,-42.8794,147.3294,55.26,87,75,6.91,broken clouds
127,Madimba,TZ,-10.4,40.3333,73.71,75,36,9.69,scattered clouds
128,Upernavik,GL,72.7868,-56.1549,33.75,88,11,3.38,few clouds
129,Fuxin,CN,42.0156,121.6589,81.46,48,100,17.92,overcast clouds
130,College Station,US,30.628,-96.3344,75.42,87,1,4.61,clear sky
131,Pisco,PE,-13.7,-76.2167,63.01,77,0,2.3,clear sky
132,Ilulissat,GL,69.2167,-51.1,35.62,93,90,5.75,overcast clouds
133,Kodiak,US,57.79,-152.4072,53.11,71,1,5.75,clear sky
134,Jalu,LY,29.0331,21.5482,77.11,41,0,11.81,clear sky
135,Brasilia,BR,-15.7797,-47.9297,58.12,94,0,1.14,clear sky
136,Harper,LR,4.375,-7.7169,76.86,86,64,5.97,broken clouds
137,Sidney,AU,-33.8679,151.2073,67.48,67,0,1.99,clear sky
138,Meulaboh,ID,4.1363,96.1285,85.93,66,92,5.84,overcast clouds
139,Sinegorye,RU,62.0788,150.477,70.88,31,98,3.98,overcast clouds
140,Fortuna,US,40.5982,-124.1573,57.65,90,1,8.05,clear sky
141,Shafter,US,35.5005,-119.2718,82.87,19,90,6.08,overcast clouds
142,Wum,CM,6.3833,10.0667,64.22,95,98,2.89,overcast clouds
143,Xuddur,SO,4.1213,43.8894,77.77,52,97,19.48,overcast clouds
144,Talnakh,RU,69.4865,88.3972,53.56,88,100,9.57,light rain
145,Flinders,AU,-34.5833,150.8552,66.2,65,16,9.98,light rain
146,Cabo San Lucas,MX,22.8909,-109.9124,86.81,76,57,14.67,broken clouds
147,Qaanaaq,GL,77.484,-69.3632,35.35,90,100,6.42,overcast clouds
148,Yershichi,RU,53.6725,32.7542,65.64,73,58,6.33,broken clouds
149,Nanortalik,GL,60.1432,-45.2371,35.94,90,93,9.64,overcast clouds
150,Tuatapere,NZ,-46.1333,167.6833,48.81,95,98,4.23,overcast clouds
151,Port Hardy,CA,50.6996,-127.4199,53.78,100,75,2.3,broken clouds
152,Astoria,US,46.1879,-123.8313,57.09,88,90,4.61,overcast clouds
153,Matagami,CA,49.7502,-77.6328,39.31,87,1,13.8,clear sky
154,Hofn,IS,64.2539,-15.2082,39.76,66,100,19.17,overcast clouds
155,Kuusamo,FI,65.9667,29.1833,48.24,71,75,5.75,broken clouds
156,Dzhebariki-Khaya,RU,62.2167,135.8,78.12,25,100,8.95,overcast clouds
157,Vilyuysk,RU,63.7553,121.6247,72.07,36,76,9.42,broken clouds
158,Vagur,FO,61.4732,-6.8119,48.24,90,39,17.72,scattered clouds
159,Cananea,MX,30.95,-110.3,85.78,34,1,8.16,clear sky
160,Bam,IR,29.106,58.357,95.31,7,0,13.71,clear sky
161,Say,NE,13.1007,2.3689,84.76,52,69,12.41,broken clouds
162,Suriapet,IN,17.15,79.6167,83.41,65,99,12.24,overcast clouds
163,Haines Junction,CA,60.7522,-137.5108,49.95,87,87,2.3,overcast clouds
164,Belyy Yar,RU,53.6039,91.3903,55.29,94,40,2.24,light rain
165,Los Llanos De Aridane,ES,28.6585,-17.9182,62.35,85,0,1.14,clear sky
166,Okha,RU,53.5739,142.9478,69.39,58,88,15.66,overcast clouds
167,Dekar,BW,-21.5333,21.9333,53.73,35,79,5.77,broken clouds
168,Hithadhoo,MV,-0.6,73.0833,83.61,73,20,10.4,few clouds
169,Guerrero Negro,MX,27.9769,-114.0611,66.24,81,37,4.25,scattered clouds
170,Naze,JP,28.3667,129.4833,86.92,88,89,19.28,overcast clouds
171,Airai,TL,-8.9266,125.4092,73.87,45,33,3.53,scattered clouds
172,Yarmouth,US,41.7057,-70.2286,64.98,95,1,3.0,clear sky
173,Solnechnyy,RU,50.7214,136.6319,83.66,39,97,12.24,overcast clouds
174,Jiexiu,CN,37.0244,111.9125,70.59,92,100,6.82,light rain
175,Aklavik,CA,68.2191,-135.0107,72.43,39,85,15.46,overcast clouds
176,Great Bend,US,38.3645,-98.7648,79.03,55,1,3.0,clear sky
177,Oktyabrskoye,RU,43.0645,44.7417,73.54,73,0,4.47,clear sky
178,Longyearbyen,SJ,78.2186,15.6401,37.24,70,40,8.05,scattered clouds
179,Balkhash,KZ,46.844,74.9804,81.21,19,0,15.66,clear sky
180,Gamba,GA,-2.65,10.0,75.67,87,90,3.87,overcast clouds
181,Shagonar,RU,51.5333,92.8,60.12,66,100,15.26,overcast clouds
182,Ellsworth,US,44.5434,-68.4195,60.89,98,90,1.99,mist
183,Puerto Escondido,MX,15.85,-97.0667,78.91,84,100,4.12,overcast clouds
184,Esperance,AU,-33.8667,121.9,58.84,62,62,16.11,broken clouds
185,Katsuura,JP,35.1333,140.3,78.24,83,100,8.34,light rain
186,Keflavik,IS,64.0049,-22.5624,39.52,70,0,25.32,clear sky
187,Daru,PG,-9.0763,143.2092,80.67,82,33,12.86,scattered clouds
188,Isoka,ZM,-10.1606,32.6335,57.42,66,39,3.44,scattered clouds
189,Walvis Bay,NA,-22.9575,14.5053,54.09,100,90,4.61,fog
190,Zaranj,AF,30.9667,61.8833,93.16,4,0,28.27,clear sky
191,Tual,ID,-5.6667,132.75,80.89,78,80,15.08,broken clouds
192,Mudbidri,IN,13.0833,74.9833,82.02,89,75,13.8,mist
193,Tasiilaq,GL,65.6145,-37.6368,33.96,79,58,3.6,broken clouds
194,Homer,US,59.6425,-151.5483,53.49,75,1,8.05,clear sky
195,Thompson,CA,55.7435,-97.8558,62.76,63,75,4.61,broken clouds
196,Faanui,PF,-16.4833,-151.75,80.49,78,60,22.46,light rain
197,Pocatello,US,42.8713,-112.4455,67.48,56,1,1.99,clear sky
198,Gat,IL,31.61,34.7642,74.08,100,3,7.58,clear sky
199,Clyde River,CA,70.4692,-68.5914,34.03,93,90,4.61,overcast clouds
200,Humberto De Campos,BR,-2.5983,-43.4611,74.05,91,1,3.4,clear sky
201,Rafsanjan,IR,30.4067,55.9939,92.17,10,0,7.38,clear sky
202,Atambua,ID,-9.1061,124.8925,83.8,53,39,1.92,scattered clouds
203,Marquette,US,46.5333,-87.6335,47.16,79,17,2.95,few clouds
204,Cobija,BO,-11.0267,-68.7692,72.39,73,65,2.04,broken clouds
205,Castro,BR,-24.7911,-50.0119,46.42,86,64,2.91,broken clouds
206,Ngama,TD,11.7833,17.1667,85.69,43,94,9.37,overcast clouds
207,Mogadishu,SO,2.0371,45.3438,80.33,74,100,17.65,overcast clouds
208,Severo-Kurilsk,RU,50.6789,156.125,48.34,80,62,9.01,broken clouds
209,Tutoia,BR,-2.7619,-42.2744,76.95,85,13,8.46,few clouds
210,Sinnamary,GF,5.3833,-52.95,77.41,88,93,7.52,overcast clouds
211,Ketchikan,US,55.3422,-131.6461,54.07,87,75,11.5,broken clouds
212,Port Elizabeth,ZA,-33.918,25.5701,55.69,71,0,5.75,clear sky
213,Luderitz,NA,-26.6481,15.1594,57.43,76,0,5.23,clear sky
214,Georgetown,MY,5.4112,100.3354,87.75,67,20,8.99,few clouds
215,Coquimbo,CL,-29.9533,-71.3436,53.33,87,0,1.14,clear sky
216,Mehamn,NO,71.0357,27.8492,44.51,75,94,25.64,light rain
217,Ancud,CL,-41.8697,-73.8203,34.43,85,10,8.14,clear sky
218,La Ronge,CA,55.1001,-105.2842,77.22,41,90,11.5,overcast clouds
219,Atar,MR,20.5169,-13.0499,86.56,19,6,8.97,clear sky
220,Whitefish,US,48.4111,-114.3376,56.95,74,75,9.22,broken clouds
221,Bubaque,GW,11.2833,-15.8333,80.17,76,100,6.8,overcast clouds
222,Saint-Augustin,CA,51.226,-58.6502,47.19,95,100,11.41,overcast clouds
223,Kangaba,ML,11.9333,-8.4167,73.42,86,100,6.87,overcast clouds
224,Caravelas,BR,-17.7125,-39.2481,64.17,82,35,3.58,scattered clouds
225,Seoul,KR,37.5683,126.9778,85.44,46,0,12.66,clear sky
226,Svetlogorsk,BY,52.6333,29.7333,67.12,76,78,8.9,broken clouds
227,Jalpa,MX,21.6333,-102.9667,75.0,40,100,4.43,overcast clouds
228,Buritizeiro,BR,-17.3511,-44.9622,63.16,68,22,0.94,few clouds
229,Chokurdakh,RU,70.6333,147.9167,39.72,70,100,14.94,overcast clouds
230,Outlook,CA,51.5001,-107.0513,73.09,69,28,11.63,scattered clouds
231,Manta,EC,-0.95,-80.7333,74.98,83,0,1.14,clear sky
232,Iwanai,JP,42.9744,140.5089,68.36,76,86,5.12,overcast clouds
233,Saint-Joseph,RE,-21.3667,55.6167,77.36,81,55,10.87,light rain
234,Ust-Tsilma,RU,65.441,52.1498,71.74,41,73,10.87,broken clouds
235,Boyolangu,ID,-8.1181,111.8935,85.14,68,85,2.93,overcast clouds
236,San Policarpo,PH,12.1791,125.5072,86.43,68,83,12.15,broken clouds
237,Nerl,RU,56.6628,40.3893,66.34,88,81,6.93,broken clouds
238,Havelock,US,34.8791,-76.9013,72.95,96,56,0.76,broken clouds
239,Lalibela,ET,12.0333,39.0333,70.23,28,91,0.25,overcast clouds
240,Avera,US,33.194,-82.5271,73.71,57,0,8.86,clear sky
241,Kabompo,ZM,-13.5927,24.2008,53.49,51,4,5.66,clear sky
242,Iqaluit,CA,63.7506,-68.5145,31.73,93,75,8.99,broken clouds
243,Thaba-Tseka,LS,-29.522,28.6084,40.86,61,33,5.32,scattered clouds
244,Khatanga,RU,71.9667,102.5,72.86,34,1,13.47,clear sky
245,Kainantu,PG,-6.2887,145.8655,65.21,86,98,3.53,overcast clouds
246,Bindura,ZW,-17.3019,31.3306,55.02,68,13,1.12,few clouds
247,Kloulklubed,PW,7.0419,134.2556,84.7,69,88,9.91,overcast clouds
248,Alexandria,EG,31.2156,29.9553,75.16,69,40,5.75,scattered clouds
249,Bairiki,KI,1.3292,172.9752,82.4,83,75,14.97,light rain
250,College,US,64.8569,-147.8028,82.38,36,20,3.44,few clouds
251,Sao Felix Do Xingu,BR,-6.6447,-51.995,70.34,87,14,0.74,few clouds
252,Sola,VU,-13.8833,167.55,81.3,76,53,10.63,broken clouds
253,Pevek,RU,69.7008,170.3133,40.06,81,51,1.21,broken clouds
254,Lewisporte,CA,49.2499,-55.0482,50.38,88,100,7.63,overcast clouds
255,Barcelos,PT,41.5388,-8.6151,70.92,87,91,3.91,overcast clouds
256,Penticton,CA,49.4806,-119.5858,64.29,38,75,11.5,broken clouds
257,Quatre Cocos,MU,-20.2078,57.7625,77.09,72,8,9.31,clear sky
258,Namibe,AO,-15.1961,12.1522,67.8,61,18,7.54,few clouds
259,Laguna,US,38.421,-121.4238,78.76,40,1,5.75,clear sky
260,Paita,PE,-5.0892,-81.1144,68.99,81,76,12.75,broken clouds
261,Fairbanks,US,64.8378,-147.7164,82.4,36,1,0.0,clear sky
262,Pangnirtung,CA,66.1451,-65.7125,31.91,92,86,2.71,overcast clouds
263,Newport News,US,36.9788,-76.428,71.98,80,1,3.0,clear sky
264,Comodoro Rivadavia,AR,-45.8667,-67.5,33.66,69,0,3.44,clear sky
265,Koscian,PL,52.0883,16.6487,62.49,81,84,6.91,broken clouds
266,Longjiang,CN,47.3303,123.1836,82.17,53,100,11.43,overcast clouds
267,Zapolyarnyy,RU,69.4154,30.8136,45.68,60,95,21.56,overcast clouds
268,Falun,SE,60.6036,15.626,52.95,66,79,8.21,broken clouds
269,Samarai,PG,-10.6167,150.6667,81.01,83,40,13.89,scattered clouds
270,Noumea,NC,-22.2763,166.4572,77.0,99,56,9.53,broken clouds
271,Sorland,NO,67.667,12.6934,44.46,67,100,17.96,overcast clouds
272,Otane,NZ,-39.8833,176.6333,54.39,80,0,1.97,clear sky
273,Shirgaon,IN,19.7,72.7,78.82,73,70,17.58,broken clouds
274,Gainesville,US,29.6516,-82.3248,74.57,90,1,3.44,clear sky
275,Korla,CN,41.7597,86.1469,79.2,14,100,6.29,overcast clouds
276,Bambous Virieux,MU,-20.3428,57.7575,77.22,83,40,8.05,scattered clouds
277,Boo,SE,59.3333,18.2833,60.98,71,0,3.44,clear sky
278,Salalah,OM,17.0151,54.0924,84.29,84,75,6.91,broken clouds
279,Piacabucu,BR,-10.4056,-36.4344,73.11,81,19,5.1,few clouds
280,Sobradinho,BR,-12.8333,-39.1,65.61,96,26,2.08,scattered clouds
281,Peniche,PT,39.3558,-9.3811,66.72,94,55,9.66,broken clouds
282,Gizo,SB,-8.103,156.8419,83.73,70,41,3.51,scattered clouds
283,Dabat,ET,12.9842,37.765,62.58,55,82,3.83,broken clouds
284,Chuy,UY,-33.6971,-53.4616,44.31,75,24,7.38,few clouds
285,Lukovetskiy,RU,64.2956,41.9211,51.78,62,26,12.26,scattered clouds
286,San Jeronimo,PE,-11.9472,-75.2829,45.88,76,97,5.14,overcast clouds
287,Pucallpa,PE,-8.3791,-74.5539,75.69,76,100,1.1,overcast clouds
288,Green River,US,41.5286,-109.4662,78.19,23,97,7.99,overcast clouds
289,Portland,US,45.5234,-122.6762,58.86,79,1,1.01,clear sky
290,Saldanha,ZA,-33.0117,17.9442,57.25,84,98,7.7,overcast clouds
291,Ojus,US,25.9484,-80.1506,77.0,98,20,0.0,few clouds
292,Krasnoarmeysk,RU,51.0239,45.6969,72.28,71,22,13.73,few clouds
293,Poum,NC,-20.2333,164.0167,75.38,85,24,17.83,few clouds
294,Nome,US,64.5011,-165.4064,48.16,87,75,5.75,broken clouds
295,Okhotsk,RU,59.3833,143.3,44.69,97,100,6.64,light rain
296,Liwale,TZ,-9.7667,37.9333,69.4,55,45,6.02,scattered clouds
297,Guisa,CU,20.255,-76.5386,75.51,90,99,3.36,overcast clouds
298,Biltine,TD,14.5333,20.9167,88.99,34,88,12.84,overcast clouds
299,Ampanihy,MG,-24.7,44.75,67.93,64,4,13.4,clear sky
300,Uvat,RU,59.1433,68.8953,72.46,45,81,10.38,broken clouds
301,Pedernales,DO,18.0384,-71.744,79.72,66,3,3.78,clear sky
302,Pindiga,NG,9.9833,10.9333,71.64,86,85,11.79,moderate rain
303,Sungaipenuh,ID,-2.0833,101.3833,72.99,88,48,0.49,light rain
304,Hildburghausen,DE,50.4255,10.7318,67.37,90,100,2.89,overcast clouds
305,Coro,VE,11.4045,-69.6734,77.14,87,88,11.81,overcast clouds
306,Taoudenni,ML,22.6783,-3.9836,93.24,10,0,8.84,clear sky
307,Pontianak,ID,-0.0333,109.3333,89.58,66,75,0.0,broken clouds
308,Flin Flon,CA,54.7682,-101.865,63.88,66,1,10.89,clear sky
309,Kenai,US,60.5544,-151.2583,60.89,68,1,11.5,clear sky
310,Pemangkat,ID,1.1667,108.9667,85.33,65,61,5.46,broken clouds
311,Pitimbu,BR,-7.4706,-34.8086,72.19,92,99,9.44,overcast clouds
312,Komsomolskiy,UZ,40.4272,71.7189,81.82,29,1,6.91,clear sky
313,Adre,TD,13.4667,22.2,84.85,36,89,6.69,overcast clouds
314,Nyuksenitsa,RU,60.4128,44.2397,67.91,48,15,7.81,few clouds
315,Atbasar,KZ,51.8,68.3333,87.04,24,88,6.71,overcast clouds
316,Puerto Carreno,CO,6.189,-67.4859,74.88,90,100,5.23,overcast clouds
317,Touros,BR,-5.1989,-35.4608,74.3,93,83,8.55,broken clouds
318,Khani,GE,41.9563,42.9566,65.77,67,63,4.25,broken clouds
319,Cap Malheureux,MU,-19.9842,57.6142,77.47,69,0,5.99,clear sky
320,Arman,RU,59.7,150.1667,46.85,89,100,4.68,light rain
321,Segou,ML,13.4317,-6.2157,81.28,57,100,12.88,overcast clouds
322,Mercedes,AR,-34.6515,-59.4307,39.83,73,91,6.26,overcast clouds
323,Sovetskiy,RU,61.3614,63.5842,71.06,36,96,4.59,overcast clouds
324,Alofi,NU,-19.0595,-169.9187,73.29,88,81,3.44,light rain
325,Half Moon Bay,US,37.4636,-122.4286,69.12,69,1,6.91,haze
326,Wiarton,CA,44.7407,-81.1332,55.85,62,1,4.61,clear sky
327,Madang,PG,-5.2246,145.7966,82.89,76,100,6.89,light rain
328,Wageningen,NL,51.9667,5.6667,66.94,73,74,3.44,broken clouds
329,Najran,SA,17.4924,44.1277,86.65,10,37,2.71,scattered clouds
330,Mahon,ES,39.8885,4.2658,73.96,100,20,6.91,few clouds
331,Taltal,CL,-25.4,-70.4833,59.02,76,71,3.06,broken clouds
332,Saint-Philippe,RE,-21.3585,55.7679,78.35,83,61,10.65,light rain
333,Vila Velha,BR,-20.3297,-40.2925,60.75,94,0,2.3,clear sky
334,Malatya,TR,38.5,38.0,69.85,38,0,4.61,clear sky
335,Turtas,RU,58.9417,69.1325,72.81,37,77,11.25,broken clouds
336,Angoche,MZ,-16.2325,39.9086,74.41,73,60,7.27,broken clouds
337,Oranjestad,AW,12.524,-70.027,80.55,83,20,16.11,few clouds
338,Aligudarz,IR,33.4006,49.6949,86.22,15,0,8.61,clear sky
339,Colares,PT,38.7992,-9.4469,66.43,83,92,1.99,overcast clouds
340,Wajir,KE,1.7471,40.0573,77.85,56,33,18.57,scattered clouds
341,Lebu,CL,-37.6167,-73.65,49.6,78,67,7.2,broken clouds
342,Beringovskiy,RU,63.05,179.3167,49.89,66,38,10.6,scattered clouds
343,Merauke,ID,-8.4667,140.3333,81.3,81,88,15.35,overcast clouds
344,Codrington,AU,-38.2667,141.9667,51.84,79,70,11.32,broken clouds
345,Batagay-Alyta,RU,67.8006,130.4114,61.75,38,98,11.43,overcast clouds
346,Kosa,RU,59.9445,54.9977,73.15,65,62,8.05,broken clouds
347,Port Moresby,PG,-9.4431,147.1797,87.22,66,40,11.5,haze
348,Lata,PT,40.1629,-8.3327,65.05,96,18,0.87,few clouds
349,Veraval,IN,20.9,70.3667,87.01,73,93,18.88,overcast clouds
350,Kadyy,RU,57.787,43.1903,71.76,70,26,3.85,moderate rain
351,Fuchu,JP,35.6667,139.4833,79.66,74,75,4.61,broken clouds
352,Ripky,UA,51.801,31.0838,66.96,68,7,9.93,clear sky
353,Aneho,TG,6.2333,1.6,79.0,86,94,10.51,overcast clouds
354,Chapais,CA,49.7834,-74.8492,47.98,72,41,11.52,scattered clouds
355,Kendari,ID,-3.945,122.4989,83.7,69,93,5.46,moderate rain
356,Alta Floresta,BR,-9.8756,-56.0861,71.67,64,67,4.56,broken clouds
357,Severodvinsk,RU,64.5635,39.8302,51.91,74,34,13.89,scattered clouds
358,Leningradskiy,RU,69.3833,178.4167,43.45,86,100,8.72,overcast clouds
359,Bolobo,CD,-2.1667,16.2333,74.39,66,49,2.35,scattered clouds
360,Nambour,AU,-26.6333,152.95,74.82,86,16,1.99,few clouds
361,Matara,LK,5.9485,80.5353,85.77,70,90,14.52,overcast clouds
362,Kristiansund,NO,63.1115,7.732,48.85,71,75,5.75,broken clouds
363,Margate,GB,51.3813,1.3862,66.22,89,28,1.01,scattered clouds
364,Ziro,IN,27.6333,93.8333,63.34,93,100,2.28,overcast clouds
365,Egvekinot,RU,66.3167,-179.1667,38.68,83,65,5.95,broken clouds
366,Padang,ID,-0.9492,100.3543,84.25,83,93,1.88,overcast clouds
367,Ternate,ID,0.8,127.4,78.8,83,96,7.61,overcast clouds
368,Tagusao,PH,9.1924,117.8141,88.12,62,23,1.45,few clouds
369,Brae,GB,60.3964,-1.353,51.71,96,98,9.51,overcast clouds
370,Chingirlau,KZ,51.095,54.0814,80.19,39,98,12.91,light rain
371,Nouadhibou,MR,20.931,-17.0347,67.39,80,9,22.95,clear sky
372,Rehli,IN,23.6333,79.0833,94.71,42,81,12.46,broken clouds
373,Vostok,RU,46.4856,135.8833,79.21,38,15,7.18,few clouds
374,Bocas Del Toro,PA,9.3333,-82.25,79.07,80,93,3.2,overcast clouds
375,Kautokeino,NO,69.0125,23.0412,44.82,43,97,17.94,overcast clouds
376,Enshi,CN,30.3,109.4833,94.06,53,87,5.28,overcast clouds
377,Bengkulu,ID,-3.8004,102.2655,80.06,79,97,5.08,overcast clouds
378,Bonfim,BR,3.0833,-59.95,72.77,96,100,4.07,light rain
379,Victoria,HK,22.2855,114.1577,90.03,70,99,11.01,overcast clouds
380,Gimli,CA,50.6336,-96.9907,71.62,64,0,16.11,clear sky
381,Takoradi,GH,4.8845,-1.7554,76.82,87,90,5.21,moderate rain
382,Souillac,MU,-20.5167,57.5167,77.36,83,40,8.05,scattered clouds
383,Honningsvag,NO,70.9821,25.9704,42.55,70,90,19.57,overcast clouds
384,Maceio,BR,-9.6658,-35.7353,72.84,94,75,3.44,broken clouds
385,Cocentaina,ES,38.7398,-0.4398,71.91,74,89,3.2,overcast clouds
386,Loa Janan,ID,-0.583,117.095,83.8,68,99,1.9,overcast clouds
387,Sioux Lookout,CA,50.1001,-91.917,64.78,88,1,0.0,clear sky
388,Birao,CF,10.2849,22.7882,80.33,60,100,7.31,overcast clouds
389,Husavik,IS,66.0449,-17.3389,35.51,77,100,11.65,overcast clouds
390,Sibolga,ID,1.7427,98.7792,86.18,65,90,5.59,overcast clouds
391,Yuksekova,TR,37.5736,44.2872,74.03,45,0,3.44,clear sky
392,Aswan,EG,24.0934,32.907,87.01,22,0,18.5,clear sky
393,Hami,CN,42.8,93.45,80.91,12,49,6.24,scattered clouds
394,Boueni,YT,-12.9025,45.0761,82.38,73,31,9.15,scattered clouds
395,Troy,US,42.6056,-83.1499,58.68,73,1,1.01,clear sky
396,Zorritos,PE,-3.6805,-80.6782,73.42,81,99,5.68,overcast clouds
397,San Cristobal,VE,7.7669,-72.225,66.38,94,58,2.64,broken clouds
398,Darhan,MN,49.4867,105.9228,61.09,41,27,10.58,scattered clouds
399,Saint Anthony,US,45.0205,-93.218,71.38,57,1,3.0,clear sky
400,Jhargram,IN,22.45,86.9833,86.11,64,99,3.13,heavy intensity rain
401,Morondava,MG,-20.2833,44.2833,74.48,54,0,6.55,clear sky
402,La Rioja,ES,42.25,-2.5,60.48,83,98,7.47,overcast clouds
403,San Remigio,PH,11.0809,123.9381,87.53,65,93,1.99,overcast clouds
404,Kununurra,AU,-15.7667,128.7333,89.58,23,21,4.61,few clouds
405,Lufilufi,WS,-13.8745,-171.5986,76.78,81,100,18.45,moderate rain
406,Xining,CN,36.6167,101.7667,49.3,89,100,1.66,overcast clouds
407,Kango,GA,0.1943,10.0951,74.03,94,96,0.87,overcast clouds
408,Severobaykalsk,RU,55.65,109.3167,47.21,78,73,9.4,broken clouds
409,Ulaanbaatar,MN,47.9077,106.8832,51.93,43,40,13.42,scattered clouds
410,Kasongo,CD,-4.45,26.6667,73.49,39,98,4.14,overcast clouds
411,Khash,IR,28.2211,61.2158,92.07,6,0,12.08,clear sky
412,Garowe,SO,8.4054,48.4845,82.67,48,98,27.16,overcast clouds
413,Macau,MO,22.2006,113.5461,89.8,79,40,14.97,scattered clouds
414,Ribeira Grande,PT,38.5167,-28.7,70.2,94,75,13.8,broken clouds
415,Thabazimbi,ZA,-24.5917,27.4116,54.23,40,0,2.3,clear sky
416,Peruibe,BR,-24.32,-46.9983,62.64,89,75,5.73,broken clouds
417,Trelew,AR,-43.249,-65.3051,39.24,68,100,6.69,overcast clouds
418,Nenjiang,CN,49.1833,125.2167,78.91,64,100,12.73,light rain
419,Mapimi,MX,25.8167,-103.85,77.18,45,39,6.22,scattered clouds
420,Capitao Poco,BR,-1.7464,-47.0594,70.77,98,44,4.38,scattered clouds
421,Coffs Harbour,AU,-30.3,153.1333,71.87,73,1,10.36,clear sky
422,Santa Rosa,PH,14.3122,121.1114,92.1,58,61,11.01,broken clouds
423,Marathon,US,44.9,-89.7668,62.13,60,1,4.61,clear sky
424,Ust-Ishim,RU,57.6935,71.1665,78.03,43,46,10.78,scattered clouds
425,Vao,NC,-22.6667,167.4833,72.9,81,58,13.29,broken clouds
426,Mao,ES,39.8885,4.2658,73.96,100,20,6.91,few clouds
427,Marovoay,MG,-16.1,46.6333,75.34,50,4,8.97,clear sky
428,Nisia Floresta,BR,-6.0911,-35.2086,74.21,95,79,7.18,broken clouds
429,Meadow Lake,US,34.8014,-106.5436,85.48,30,91,6.44,overcast clouds
430,Tezu,IN,27.9167,96.1667,82.08,91,97,1.28,overcast clouds
431,Waw,SS,7.7029,27.9953,77.5,73,80,6.73,broken clouds
432,Karratha,AU,-20.7377,116.8463,73.13,28,100,16.49,overcast clouds
433,Northam,GB,51.0333,-4.2167,57.29,96,38,5.59,scattered clouds
434,Srednekolymsk,RU,67.45,153.6833,46.85,50,100,13.58,overcast clouds
435,Hasaki,JP,35.7333,140.8333,79.29,74,100,10.02,overcast clouds
436,Necochea,AR,-38.5473,-58.7368,45.03,58,23,10.92,few clouds
437,Kiruna,SE,67.8557,20.2251,43.72,61,75,5.75,broken clouds
438,Kirakira,SB,-10.4544,161.9205,82.87,75,70,7.4,broken clouds
439,Kushima,JP,31.4583,131.2333,78.31,93,100,10.69,overcast clouds
440,Thinadhoo,MV,0.5333,72.9333,83.79,72,37,9.73,scattered clouds
441,Wahiawa,US,21.5028,-158.0236,77.32,74,90,6.91,overcast clouds
442,Kismayo,SO,-0.3582,42.5454,80.65,70,94,17.22,overcast clouds
443,Pallasovka,RU,50.05,46.8833,77.27,58,13,13.06,few clouds
444,Kargala,RU,56.6208,83.9607,82.81,46,61,8.79,broken clouds
445,Zyryanka,RU,65.75,150.85,36.79,97,100,16.87,moderate rain
446,Morgan City,US,29.6994,-91.2068,77.0,94,1,0.0,mist
447,Nioro,GM,13.35,-15.75,78.66,83,87,8.37,overcast clouds
448,Aljezur,PT,37.3191,-8.8033,64.92,79,93,6.35,overcast clouds
449,Guamuchil,MX,25.4667,-108.1,83.75,65,79,2.13,broken clouds
450,Keti Bandar,PK,24.1447,67.4497,88.21,68,99,14.52,overcast clouds
451,Mascota,MX,20.5167,-104.7833,67.32,94,100,2.48,overcast clouds
452,Two Rivers,US,44.1539,-87.5693,57.69,74,1,1.01,clear sky
453,Labuhan,ID,-6.8844,112.2051,85.35,67,81,9.42,broken clouds
454,Marsa Matruh,EG,31.3525,27.2453,68.2,77,40,4.61,scattered clouds
455,Grafton,US,42.207,-71.6856,61.74,91,16,6.38,few clouds
456,Neiafu,TO,-18.65,-173.9833,79.48,73,75,6.91,broken clouds
457,Palmer,US,42.1584,-72.3287,63.21,79,40,8.05,scattered clouds
458,Constitucion,CL,-35.3333,-72.4167,53.22,88,85,9.93,overcast clouds
459,Chicama,PE,-7.8447,-79.1469,66.07,87,63,4.68,broken clouds
460,Ust-Kut,RU,56.7938,105.7672,64.89,67,96,9.89,moderate rain
461,Bandundu,CD,-3.3167,17.3667,74.88,65,100,3.2,overcast clouds
462,Riohacha,CO,11.5444,-72.9072,79.74,78,98,14.38,overcast clouds
463,Normandin,CA,48.8333,-72.5321,52.11,76,15,8.05,few clouds
464,Buala,SB,-8.145,159.5921,83.34,72,10,7.74,clear sky
465,Kyra,RU,49.5776,111.9753,58.69,37,80,20.09,broken clouds
466,Vung Tau,VN,10.346,107.0843,86.56,66,60,8.01,broken clouds
467,Mendi,PG,-6.1761,143.6513,61.92,91,89,2.8,overcast clouds
468,Shahpur,IN,16.7,76.8333,77.59,74,100,17.74,overcast clouds
469,Kathmandu,NP,27.7167,85.3167,75.42,94,90,4.61,overcast clouds
470,Basco,PH,20.4487,121.9702,84.22,83,35,26.31,scattered clouds
471,Cidreira,BR,-30.1811,-50.2056,54.46,67,95,13.0,overcast clouds
472,Knysna,ZA,-34.0363,23.0471,55.78,76,67,3.13,broken clouds
473,Yumen,CN,40.2833,97.2,72.01,13,46,11.3,scattered clouds
474,Abeche,TD,13.8292,20.8324,87.04,38,80,3.8,broken clouds
475,Juybar,IR,36.6412,52.9124,84.36,50,0,7.67,clear sky
476,Lambarene,GA,-0.7001,10.2406,74.5,90,99,2.55,overcast clouds
477,Yendi,GH,9.4427,-0.0099,73.38,86,100,5.61,overcast clouds
478,Letnica,PL,51.8981,15.333,62.42,66,95,5.03,overcast clouds
479,Helong,CN,42.5397,128.9972,80.1,46,24,8.16,few clouds
480,Bilibino,RU,68.0546,166.4372,62.11,54,85,11.32,overcast clouds
481,Klaksvik,FO,62.2266,-6.589,49.12,95,73,14.45,broken clouds
482,Shilong,CN,23.1123,113.8425,94.96,57,100,8.12,overcast clouds
483,Kieta,PG,-6.2167,155.6333,82.49,77,83,4.47,light rain
484,Kolyshley,RU,52.7005,44.5367,70.93,78,24,8.57,few clouds
485,Stornoway,GB,58.2093,-6.3865,53.56,82,75,25.32,broken clouds
486,Male,MV,4.1748,73.5089,87.75,70,75,18.41,broken clouds
487,Araouane,ML,18.9048,-3.5265,89.98,23,2,10.42,clear sky
488,Taldan,RU,53.6667,124.8,64.24,65,100,5.75,light rain
489,Tautira,PF,-17.7333,-149.15,80.62,82,87,23.82,light rain
490,Portalegre,PT,39.2938,-7.4312,61.09,95,3,3.09,clear sky
491,Dunedin,NZ,-45.8742,170.5036,51.8,95,99,5.84,overcast clouds
492,Kharp,RU,66.8014,65.8081,62.65,38,97,9.28,overcast clouds
493,Narrabri,AU,-30.3167,149.7833,71.69,37,75,10.36,broken clouds
494,Navalcarnero,ES,40.2891,-4.012,72.66,63,66,4.21,broken clouds
495,Ujjain,IN,23.1833,75.7667,86.88,43,32,12.55,scattered clouds
496,Amantea,IT,39.1332,16.0746,66.45,63,69,2.21,broken clouds
497,Russell,US,32.3502,-85.1999,74.8,86,40,0.0,scattered clouds
498,Marau,BR,-28.4492,-52.2,47.52,93,86,7.05,overcast clouds
499,Manjakandriana,MG,-18.9167,47.8,58.69,73,10,8.39,clear sky
500,Isangel,VU,-19.55,169.2667,82.51,74,40,0.0,scattered clouds
501,Mezen,RU,65.8522,44.24,52.2,61,40,20.85,scattered clouds
502,Barela,IN,23.1,80.05,77.81,94,75,6.91,haze
503,Mnogovershinnyy,RU,53.9353,139.9242,80.8,41,81,12.59,broken clouds
504,Itarema,BR,-2.9248,-39.9167,75.0,89,24,7.99,few clouds
505,Waldkirchen,DE,48.7327,13.6008,69.12,70,40,1.66,scattered clouds
506,Harnosand,SE,62.6323,17.9379,48.99,55,72,9.22,light rain
507,Turukhansk,RU,65.8167,87.9833,68.29,64,92,16.84,overcast clouds
508,Pamplona,ES,42.8169,-1.6432,69.98,85,0,2.3,clear sky
509,Ciocanesti,RO,44.6,25.85,67.48,67,29,6.78,scattered clouds
510,Laela,TZ,-8.5667,32.05,57.04,64,84,4.83,broken clouds
511,Dorado,PR,18.4588,-66.2677,80.94,92,100,8.9,overcast clouds
512,Camacha,PT,33.0833,-16.3333,66.96,88,40,16.11,scattered clouds
513,Boa Vista,BR,2.8197,-60.6733,75.18,94,90,3.44,light rain
514,Mananjary,MG,-21.2167,48.3333,68.72,81,100,7.25,overcast clouds
515,Marsh Harbour,BS,26.5412,-77.0636,81.12,79,100,8.88,overcast clouds
516,Mangan,IN,27.5167,88.5333,86.2,75,93,8.19,overcast clouds
517,Godean,ID,-7.7697,110.2939,90.19,52,100,5.59,overcast clouds
518,Andros,GR,37.8333,24.9333,72.81,63,96,13.27,overcast clouds
519,Vanimo,PG,-2.6741,141.3028,83.64,71,93,6.85,overcast clouds
520,Camopi,GF,3.1655,-52.3158,70.83,100,92,1.92,overcast clouds
521,Lazaro Cardenas,MX,17.9583,-102.2,80.49,82,100,3.33,overcast clouds
522,Shirokiy,RU,49.758,129.523,79.59,61,97,8.7,overcast clouds
523,Puerto Madero,MX,14.7208,-92.4215,78.58,85,100,6.82,overcast clouds
524,Dezhou,CN,37.4486,116.2925,85.73,50,96,7.45,overcast clouds
525,Cascavel,BR,-24.9558,-53.4553,50.18,93,88,5.5,overcast clouds
526,Mumford,GH,5.2618,-0.759,76.57,89,98,8.03,moderate rain
527,Ihosy,MG,-22.4,46.1167,60.84,70,28,12.66,scattered clouds
528,Praia Da Vitoria,PT,38.7333,-27.0667,68.76,88,75,11.41,broken clouds
529,Gorlitz,DE,51.1552,14.9885,70.93,86,92,6.22,overcast clouds
530,Kuminskiy,RU,58.6667,66.5667,75.88,37,63,9.22,broken clouds
531,Kaoma,ZM,-14.7833,24.8,54.52,50,6,6.49,clear sky
532,Zhigansk,RU,66.7697,123.3711,64.6,49,38,14.97,scattered clouds
533,Phalaborwa,ZA,-23.943,31.1411,52.88,43,0,4.23,clear sky
534,Puerto Maldonado,PE,-12.6,-69.1833,67.68,87,35,2.1,scattered clouds
535,Bijie,CN,27.3125,105.2942,80.47,67,93,10.85,overcast clouds
536,Sept-Iles,CA,50.2001,-66.3821,54.12,98,90,3.44,mist
537,Vestmannaeyjar,IS,63.4427,-20.2734,42.19,65,100,5.68,overcast clouds
538,Lasa,IT,46.6166,10.7002,65.66,67,99,0.98,overcast clouds
539,Sotnikovo,RU,51.8845,107.4791,50.09,66,75,6.71,broken clouds
540,Raudeberg,NO,61.9875,5.1352,49.87,80,100,14.36,light rain
541,Saint-Pierre,RE,-21.3393,55.4781,78.44,91,90,5.75,moderate rain
542,Ranong,TH,9.9658,98.6348,87.73,71,100,9.89,overcast clouds
543,Hovd,MN,48.0056,91.6419,69.21,23,0,8.25,clear sky
544,Sawakin,SD,19.1059,37.3321,89.49,44,64,2.01,broken clouds
545,Anchorage,US,61.2181,-149.9003,67.93,57,1,9.22,clear sky
546,Kokuy,RU,52.2037,117.5529,65.34,56,100,1.61,light rain
547,Araguaina,BR,-7.1911,-48.2072,72.5,63,15,1.72,few clouds
548,Ouadda,CF,8.0777,22.4007,73.09,85,93,3.69,overcast clouds
549,Kardla,EE,58.9978,22.7492,62.58,67,0,4.61,clear sky
550,Palamos,ES,41.8484,3.1291,77.31,22,68,0.54,broken clouds
551,Farragut,US,35.8845,-84.1535,68.56,76,1,0.0,clear sky
552,Changping,CN,40.2186,116.2197,71.24,82,100,5.99,light rain
553,Saint Cloud,US,45.5608,-94.1625,68.58,59,1,5.75,clear sky
554,Hof,DE,50.3167,11.9167,69.46,80,100,3.44,overcast clouds
555,Avarua,CK,-21.2078,-159.775,75.25,83,40,10.36,light rain
556,Bella Union,UY,-30.2752,-57.6007,42.73,85,6,9.33,clear sky
557,Arak,IR,34.0917,49.6892,79.56,22,0,4.61,clear sky
558,Vila Praia De Ancora,PT,41.811,-8.8526,71.11,86,74,7.54,broken clouds
559,Sao Raimundo Nonato,BR,-9.0153,-42.6994,68.65,75,2,3.36,clear sky
560,Kedrovyy,RU,56.1667,91.8167,61.21,59,98,8.32,overcast clouds
561,Pirovskoye,RU,57.6267,92.2658,69.55,44,99,6.8,overcast clouds
562,Vidosi,BA,43.7714,17.0283,63.91,69,99,5.59,overcast clouds
563,Marawi,PH,7.9986,124.2928,75.78,89,60,1.45,broken clouds
564,Bardiyah,LY,31.7561,25.0865,71.19,69,8,8.32,clear sky
565,Nishihara,JP,26.1842,127.7558,89.26,84,75,20.71,broken clouds
566,Bundaberg,AU,-24.85,152.35,71.22,89,90,1.01,overcast clouds
567,Saravena,CO,6.9538,-71.8752,68.58,97,79,4.05,broken clouds
568,Villanueva,HN,15.3167,-88.0,74.39,94,90,6.91,overcast clouds
569,Morehead,US,37.2711,-87.1764,63.84,94,1,0.0,clear sky
570,Lamar,US,33.6668,-95.5836,78.71,82,1,0.0,clear sky
571,Tambilil,PH,5.9622,124.6697,89.49,80,92,5.68,overcast clouds
572,Waddan,LY,29.1614,16.139,75.18,39,0,8.9,clear sky
573,Bowen,AU,-20.0167,148.2333,79.02,82,39,5.32,scattered clouds
574,Rawson,AR,-43.3002,-65.1023,40.82,68,100,7.25,overcast clouds
575,Watsa,CD,3.0372,29.5355,66.36,97,99,1.74,overcast clouds
576,Rtishchevo,RU,52.2604,43.7874,70.61,73,11,10.04,few clouds
577,Neuquen,AR,-38.9516,-68.0591,35.49,69,0,3.44,clear sky
578,Gunjur,GM,13.2019,-16.7339,77.07,94,40,8.05,scattered clouds
579,Beyneu,KZ,45.3167,55.2,92.8,13,1,11.88,clear sky
580,Ilhabela,BR,-23.7781,-45.3581,64.04,90,32,6.13,scattered clouds
581,Kargasok,RU,59.0556,80.8572,72.07,61,75,12.44,light rain
582,Presidencia Roque Saenz Pena,AR,-26.7852,-60.4388,54.46,70,100,6.35,overcast clouds
583,Port Keats,AU,-14.25,129.55,84.74,48,10,10.94,clear sky
584,Mugumu,TZ,-1.85,34.7,69.06,63,58,3.44,broken clouds
585,Bell Ville,AR,-32.6259,-62.6887,43.66,58,100,5.14,light rain
586,Bonavista,CA,48.6499,-53.1147,42.8,96,97,17.76,overcast clouds
587,Tura,IN,25.5198,90.2201,87.01,62,74,6.31,broken clouds
588,Damghan,IR,36.1683,54.348,86.49,19,0,4.12,clear sky
589,Saulkrasti,LV,57.2622,24.4147,60.8,68,58,5.97,broken clouds
590,Culebra,PR,18.303,-65.301,82.44,74,88,18.3,overcast clouds
591,Claudio,BR,-20.4433,-44.7658,55.83,82,0,2.59,clear sky
592,Rosetta,EG,31.4044,30.4164,75.02,66,0,7.07,clear sky
593,Peceneaga,RO,45.0167,28.1333,66.67,92,84,12.03,broken clouds
594,Richards Bay,ZA,-28.783,32.0377,65.01,51,79,12.62,broken clouds
595,Canavieiras,BR,-15.675,-38.9472,65.89,90,30,3.53,scattered clouds
596,Olinda,BR,-8.0089,-34.8553,71.33,88,40,4.61,scattered clouds
597,Emerald,AU,-23.5333,148.1667,77.34,57,40,12.66,scattered clouds
598,The Valley,AI,18.217,-63.0578,82.26,76,100,20.09,overcast clouds
599,Adrar,MR,20.5022,-10.0711,88.36,14,30,11.18,scattered clouds
600,Savinka,RU,50.0785,47.0994,77.59,57,20,13.33,few clouds
601,Kelvington,CA,52.1667,-103.5343,73.06,62,7,20.83,clear sky
602,Christchurch,NZ,-43.5333,172.6333,52.0,94,90,1.99,overcast clouds
603,Montrose,US,38.4166,-108.2673,65.61,29,86,3.29,overcast clouds
604,Anadyr,RU,64.75,177.4833,59.5,41,0,15.66,clear sky
605,Tsarychanka,UA,48.937,34.4786,69.8,76,98,1.61,overcast clouds
606,Pochutla,MX,15.7432,-96.4661,73.81,90,100,2.93,overcast clouds
607,Tucurui,BR,-3.7661,-49.6725,70.92,98,10,2.19,clear sky
608,Rocha,UY,-34.4833,-54.3333,43.27,79,18,6.06,few clouds
609,Chahal,GT,15.75,-89.5667,73.06,100,100,2.8,overcast clouds
610,Kamaishi,JP,39.2667,141.8833,77.95,90,46,3.65,scattered clouds
611,Punta,PH,8.9897,125.34,86.34,69,26,5.7,light rain
612,Kailua,US,21.4022,-157.7394,80.58,69,90,10.36,light rain
613,Xam Nua,LA,20.4197,104.0439,84.52,57,95,4.34,overcast clouds
614,Puerto Leguizamo,CO,-0.1934,-74.7819,69.75,99,98,2.08,overcast clouds
615,Liverpool,GB,53.4106,-2.9779,60.75,72,0,1.01,clear sky
616,Tahmek,MX,20.8833,-89.2667,75.16,96,100,5.03,overcast clouds
617,Beian,NO,63.6559,9.5683,48.56,81,40,11.5,scattered clouds
618,Labuan,MY,5.2767,115.2417,89.96,62,20,3.44,few clouds
619,Mecca,SA,21.4267,39.8261,93.76,28,1,7.76,clear sky
620,Singaraja,ID,-8.112,115.0882,84.6,69,41,2.53,scattered clouds
621,Santa Cruz,BO,-17.8,-63.1667,67.46,68,75,10.36,broken clouds
622,Amapa,BR,1.0,-52.0,69.87,99,62,1.23,broken clouds
623,Wattegama,LK,6.7989,81.4808,88.72,35,59,5.84,broken clouds
624,Motygino,RU,58.1831,94.7592,69.19,33,99,6.35,overcast clouds
625,Svarstad,NO,59.399,9.9698,58.26,57,64,1.88,broken clouds
626,Kibala,TD,9.1104,18.3463,71.55,83,20,6.91,few clouds
627,Ostrovnoy,RU,68.0531,39.5131,43.43,79,100,22.57,overcast clouds
628,Svetlyy,RU,54.675,20.1347,60.85,72,59,6.11,broken clouds
629,Acajutla,SV,13.5928,-89.8275,78.8,82,95,7.47,light rain
630,Mandera,KE,3.9366,41.867,80.78,41,53,18.9,broken clouds
631,Vanavara,RU,60.34,102.2797,69.04,36,34,6.06,scattered clouds
632,Ferkessedougou,CI,9.6,-5.2,72.39,93,88,4.34,overcast clouds
633,Ulaangom,MN,49.9811,92.0667,73.76,23,6,5.01,clear sky
634,Honiara,SB,-9.4333,159.95,83.82,74,53,4.34,broken clouds
635,Takanosu,JP,40.2219,140.3694,81.36,88,40,4.61,scattered clouds
636,Pata,PH,17.7152,121.5018,97.88,40,97,3.8,overcast clouds
637,Lawton,US,34.6087,-98.3903,79.27,79,1,4.61,clear sky
638,Skibbereen,IE,51.55,-9.2667,53.4,85,100,12.24,overcast clouds
639,Wamba,NG,8.9333,8.6,71.01,86,100,2.64,overcast clouds
640,Boende,CD,-0.2167,20.8667,76.53,70,66,1.45,broken clouds
641,Tazovskiy,RU,67.4667,78.7,46.47,83,100,11.88,overcast clouds
642,Corinto,GR,37.9407,22.9573,72.75,71,100,8.32,overcast clouds
643,Waipawa,NZ,-41.4122,175.5153,55.02,78,75,3.27,broken clouds
644,La Macarena,CO,2.1837,-73.7849,70.63,100,100,2.28,light rain
645,Tarko-Sale,RU,64.9225,77.785,58.41,78,98,17.54,light rain
646,Benicarlo,ES,40.4165,0.4271,74.25,58,53,3.78,broken clouds
647,Tenenkou,ML,14.4572,-4.9169,85.55,47,94,11.1,overcast clouds
648,Encheng,CN,22.1839,112.3026,88.97,67,97,12.48,overcast clouds
649,Pangkalanbuun,ID,-2.6833,111.6167,92.01,49,62,3.15,broken clouds
650,Sangar,RU,63.9242,127.4739,74.98,29,9,8.37,clear sky
651,Olafsvik,IS,64.8945,-23.7142,39.24,68,65,33.64,broken clouds
652,Penaflor,CL,-33.6167,-70.9167,57.07,86,81,2.21,broken clouds
653,Pangody,RU,65.85,74.4859,62.04,43,47,18.07,scattered clouds
654,Narayanpet,IN,16.7333,77.5,77.77,73,100,16.91,overcast clouds
655,Warwick,US,41.7001,-71.4162,64.44,90,1,4.61,clear sky
656,Nalut,LY,30.3333,10.85,74.82,31,7,14.43,clear sky
657,Mufulira,ZM,-12.5498,28.2407,55.71,59,46,5.88,scattered clouds
658,Ouallam,NE,14.3188,2.0866,88.05,46,30,11.74,scattered clouds
659,Loikaw,MM,19.6742,97.2094,71.46,93,99,3.11,overcast clouds
660,Kitimat,CA,54.0524,-128.6534,54.91,91,34,1.01,light rain
661,Ludvika,SE,60.1496,15.1878,54.03,65,61,5.57,broken clouds
662,Sobolevo,RU,54.4299,31.8996,64.71,77,60,9.22,broken clouds
663,Pauini,BR,-7.7136,-66.9764,70.93,88,95,0.87,overcast clouds
664,Massakory,TD,12.996,15.7293,87.39,43,95,10.78,overcast clouds
665,Parana,AR,-31.732,-60.5238,47.57,65,100,7.81,moderate rain
666,Biak,ID,-0.9131,122.8766,81.12,72,86,5.88,overcast clouds
667,Emmauss,RU,56.7805,36.115,66.25,64,66,9.46,broken clouds
668,Khilok,RU,51.3674,110.4676,55.51,46,93,13.0,overcast clouds
669,Burgeo,CA,47.6167,-57.6152,47.86,88,100,20.22,overcast clouds
670,San Julian,MX,21.0167,-102.1667,62.8,55,98,6.31,overcast clouds
671,Tromso,NO,69.6496,18.957,41.02,81,75,1.99,broken clouds
672,Irbeyskoye,RU,55.6428,95.4522,65.35,50,11,3.2,few clouds
673,Brzeg Dolny,PL,51.273,16.7082,67.98,77,62,4.9,broken clouds
674,Zelenikovo,MK,41.8867,21.5869,69.85,49,20,2.3,few clouds
675,Tessalit,ML,20.1986,1.0114,90.68,11,3,8.81,clear sky
676,Cordoba,AR,-31.4135,-64.1811,41.76,77,90,4.0,heavy intensity rain
677,Stillwater,US,36.1156,-97.0584,79.88,81,44,4.27,scattered clouds
678,Aasiaat,GL,68.7098,-52.8699,33.46,90,67,7.67,broken clouds
679,Urman,RU,54.8831,56.8742,82.09,44,64,6.35,broken clouds
680,Baykit,RU,61.67,96.37,70.48,40,92,5.97,overcast clouds
681,Mayo,US,38.8876,-76.5119,69.94,76,40,4.0,scattered clouds
682,Derzhavinsk,KZ,51.1,66.3167,88.7,19,17,5.23,few clouds
683,Victor Harbor,AU,-35.5667,138.6167,57.99,76,96,4.0,light rain
684,Sao Paulo Do Potengi,BR,-5.895,-35.7628,73.51,97,85,4.65,overcast clouds
685,El Tigre,VE,8.8875,-64.2454,74.07,85,15,10.2,few clouds
686,Wyszkow,PL,52.5928,21.4584,63.21,66,74,6.24,broken clouds
687,Bolshoye Nagatkino,RU,54.5196,47.9679,77.97,59,45,7.43,scattered clouds
688,Vinukonda,IN,16.05,79.75,89.85,51,100,19.53,overcast clouds
689,Hualmay,PE,-11.0964,-77.6139,64.78,87,41,7.49,scattered clouds
690,Palompon,PH,11.0508,124.3843,87.1,66,86,5.46,overcast clouds
691,Maniitsoq,GL,65.4167,-52.9,35.47,98,100,3.71,overcast clouds
692,Washougal,US,45.5826,-122.3534,59.18,90,1,3.44,clear sky
693,Belaya Gora,RU,68.5333,146.4167,52.48,33,100,15.12,overcast clouds
694,Kutum,SD,14.2,24.6667,82.53,18,93,9.66,overcast clouds
695,Tarakan,ID,3.3,117.6333,83.7,89,40,0.0,scattered clouds
696,Baghdad,IQ,33.3406,44.4009,87.71,29,0,23.02,clear sky
697,San Bartolome,ES,27.9248,-15.5733,60.49,76,20,18.41,few clouds
698,Sabang,ID,5.8933,95.3214,83.93,72,86,14.83,overcast clouds
699,Vila Franca Do Campo,PT,37.7167,-25.4333,66.61,92,96,5.55,overcast clouds
700,Fujin,CN,47.26,132.0322,84.92,45,73,10.69,broken clouds
701,Karlskoga,SE,59.3267,14.5239,60.39,67,40,8.1,scattered clouds
702,Huilong,CN,31.8111,121.655,90.03,84,100,10.25,overcast clouds
